customer_id,first_name,last_name,email,phone
1,Cust1,User1,cust1@mail.com,9000000001
2,Cust2,User2,cust2@mail.com,9000000002
3,Cust3,User3,cust3@mail.com,9000000003
4,Cust4,User4,cust4@mail.com,9000000004
5,Cust5,User5,cust5@mail.com,9000000005
6,Cust6,User6,cust6@mail.com,9000000006
7,Cust7,User7,cust7@mail.com,9000000007
8,Cust8,User8,cust8@mail.com,9000000008
9,Cust9,User9,cust9@mail.com,9000000009
10,Cust10,User10,cust10@mail.com,9000000010
11,Cust11,User11,cust11@mail.com,9000000011
12,Cust12,User12,cust12@mail.com,9000000012
13,Cust13,User13,cust13@mail.com,9000000013
14,Cust14,User14,cust14@mail.com,9000000014
15,Cust15,User15,cust15@mail.com,9000000015
16,Cust16,User16,cust16@mail.com,9000000016
17,Cust17,User17,cust17@mail.com,9000000017
18,Cust18,User18,cust18@mail.com,9000000018
19,Cust19,User19,cust19@mail.com,9000000019
20,Cust20,User20,cust20@mail.com,9000000020
21,Cust21,User21,cust21@mail.com,9000000021
22,Cust22,User22,cust22@mail.com,9000000022
23,Cust23,User23,cust23@mail.com,9000000023
24,Cust24,User24,cust24@mail.com,9000000024
25,Cust25,User25,cust25@mail.com,9000000025
26,Cust26,User26,cust26@mail.com,9000000026
27,Cust27,User27,cust27@mail.com,9000000027
28,Cust28,User28,cust28@mail.com,9000000028
29,Cust29,User29,cust29@mail.com,9000000029
30,Cust30,User30,cust30@mail.com,9000000030
31,Cust31,User31,cust31@mail.com,9000000031
32,Cust32,User32,cust32@mail.com,9000000032
33,Cust33,User33,cust33@mail.com,9000000033
34,Cust34,User34,cust34@mail.com,9000000034
35,Cust35,User35,cust35@mail.com,9000000035
36,Cust36,User36,cust36@mail.com,9000000036
37,Cust37,User37,cust37@mail.com,9000000037
38,Cust38,User38,cust38@mail.com,9000000038
39,Cust39,User39,cust39@mail.com,9000000039
40,Cust40,User40,cust40@mail.com,9000000040
41,Cust41,User41,cust41@mail.com,9000000041
42,Cust42,User42,cust42@mail.com,9000000042
43,Cust43,User43,cust43@mail.com,9000000043
44,Cust44,User44,cust44@mail.com,9000000044
45,Cust45,User45,cust45@mail.com,9000000045
46,Cust46,User46,cust46@mail.com,9000000046
47,Cust47,User47,cust47@mail.com,9000000047
48,Cust48,User48,cust48@mail.com,9000000048
49,Cust49,User49,cust49@mail.com,9000000049
50,Cust50,User50,cust50@mail.com,9000000050
51,Cust51,User51,cust51@mail.com,9000000051
52,Cust52,User52,cust52@mail.com,9000000052
53,Cust53,User53,cust53@mail.com,9000000053
54,Cust54,User54,cust54@mail.com,9000000054
55,Cust55,User55,cust55@mail.com,9000000055
56,Cust56,User56,cust56@mail.com,9000000056
57,Cust57,User57,cust57@mail.com,9000000057
58,Cust58,User58,cust58@mail.com,9000000058
59,Cust59,User59,cust59@mail.com,9000000059
60,Cust60,User60,cust60@mail.com,9000000060
61,Cust61,User61,cust61@mail.com,9000000061
62,Cust62,User62,cust62@mail.com,9000000062
63,Cust63,User63,cust63@mail.com,9000000063
64,Cust64,User64,cust64@mail.com,9000000064
65,Cust65,User65,cust65@mail.com,9000000065
66,Cust66,User66,cust66@mail.com,9000000066
67,Cust67,User67,cust67@mail.com,9000000067
68,Cust68,User68,cust68@mail.com,9000000068
69,Cust69,User69,cust69@mail.com,9000000069
70,Cust70,User70,cust70@mail.com,9000000070
71,Cust71,User71,cust71@mail.com,9000000071
72,Cust72,User72,cust72@mail.com,9000000072
73,Cust73,User73,cust73@mail.com,9000000073
74,Cust74,User74,cust74@mail.com,9000000074
75,Cust75,User75,cust75@mail.com,9000000075
76,Cust76,User76,cust76@mail.com,9000000076
77,Cust77,User77,cust77@mail.com,9000000077
78,Cust78,User78,cust78@mail.com,9000000078
79,Cust79,User79,cust79@mail.com,9000000079
80,Cust80,User80,cust80@mail.com,9000000080
81,Cust81,User81,cust81@mail.com,9000000081
82,Cust82,User82,cust82@mail.com,9000000082
83,Cust83,User83,cust83@mail.com,9000000083
84,Cust84,User84,cust84@mail.com,9000000084
85,Cust85,User85,cust85@mail.com,9000000085
86,Cust86,User86,cust86@mail.com,9000000086
87,Cust87,User87,cust87@mail.com,9000000087
88,Cust88,User88,cust88@mail.com,9000000088
89,Cust89,User89,cust89@mail.com,9000000089
90,Cust90,User90,cust90@mail.com,9000000090
91,Cust91,User91,cust91@mail.com,9000000091
92,Cust92,User92,cust92@mail.com,9000000092
93,Cust93,User93,cust93@mail.com,9000000093
94,Cust94,User94,cust94@mail.com,9000000094
95,Cust95,User95,cust95@mail.com,9000000095
96,Cust96,User96,cust96@mail.com,9000000096
97,Cust97,User97,cust97@mail.com,9000000097
98,Cust98,User98,cust98@mail.com,9000000098
99,Cust99,User99,cust99@mail.com,9000000099
100,Cust100,User100,cust100@mail.com,9000000100
101,Cust101,User101,cust101@mail.com,9000000101
102,Cust102,User102,cust102@mail.com,9000000102
103,Cust103,User103,cust103@mail.com,9000000103
104,Cust104,User104,cust104@mail.com,9000000104
105,Cust105,User105,cust105@mail.com,9000000105
106,Cust106,User106,cust106@mail.com,9000000106
107,Cust107,User107,cust107@mail.com,9000000107
108,Cust108,User108,cust108@mail.com,9000000108
109,Cust109,User109,cust109@mail.com,9000000109
110,Cust110,User110,cust110@mail.com,9000000110
111,Cust111,User111,cust111@mail.com,9000000111
112,Cust112,User112,cust112@mail.com,9000000112
113,Cust113,User113,cust113@mail.com,9000000113
114,Cust114,User114,cust114@mail.com,9000000114
115,Cust115,User115,cust115@mail.com,9000000115
116,Cust116,User116,cust116@mail.com,9000000116
117,Cust117,User117,cust117@mail.com,9000000117
118,Cust118,User118,cust118@mail.com,9000000118
119,Cust119,User119,cust119@mail.com,9000000119
120,Cust120,User120,cust120@mail.com,9000000120
121,Cust121,User121,cust121@mail.com,9000000121
122,Cust122,User122,cust122@mail.com,9000000122
123,Cust123,User123,cust123@mail.com,9000000123
124,Cust124,User124,cust124@mail.com,9000000124
125,Cust125,User125,cust125@mail.com,9000000125
126,Cust126,User126,cust126@mail.com,9000000126
127,Cust127,User127,cust127@mail.com,9000000127
128,Cust128,User128,cust128@mail.com,9000000128
129,Cust129,User129,cust129@mail.com,9000000129
130,Cust130,User130,cust130@mail.com,9000000130
131,Cust131,User131,cust131@mail.com,9000000131
132,Cust132,User132,cust132@mail.com,9000000132
133,Cust133,User133,cust133@mail.com,9000000133
134,Cust134,User134,cust134@mail.com,9000000134
135,Cust135,User135,cust135@mail.com,9000000135
136,Cust136,User136,cust136@mail.com,9000000136
137,Cust137,User137,cust137@mail.com,9000000137
138,Cust138,User138,cust138@mail.com,9000000138
139,Cust139,User139,cust139@mail.com,9000000139
140,Cust140,User140,cust140@mail.com,9000000140
141,Cust141,User141,cust141@mail.com,9000000141
142,Cust142,User142,cust142@mail.com,9000000142
143,Cust143,User143,cust143@mail.com,9000000143
144,Cust144,User144,cust144@mail.com,9000000144
145,Cust145,User145,cust145@mail.com,9000000145
146,Cust146,User146,cust146@mail.com,9000000146
147,Cust147,User147,cust147@mail.com,9000000147
148,Cust148,User148,cust148@mail.com,9000000148
149,Cust149,User149,cust149@mail.com,9000000149
150,Cust150,User150,cust150@mail.com,9000000150
151,Cust151,User151,cust151@mail.com,9000000151
152,Cust152,User152,cust152@mail.com,9000000152
153,Cust153,User153,cust153@mail.com,9000000153
154,Cust154,User154,cust154@mail.com,9000000154
155,Cust155,User155,cust155@mail.com,9000000155
156,Cust156,User156,cust156@mail.com,9000000156
157,Cust157,User157,cust157@mail.com,9000000157
158,Cust158,User158,cust158@mail.com,9000000158
159,Cust159,User159,cust159@mail.com,9000000159
160,Cust160,User160,cust160@mail.com,9000000160
161,Cust161,User161,cust161@mail.com,9000000161
162,Cust162,User162,cust162@mail.com,9000000162
163,Cust163,User163,cust163@mail.com,9000000163
164,Cust164,User164,cust164@mail.com,9000000164
165,Cust165,User165,cust165@mail.com,9000000165
166,Cust166,User166,cust166@mail.com,9000000166
167,Cust167,User167,cust167@mail.com,9000000167
168,Cust168,User168,cust168@mail.com,9000000168
169,Cust169,User169,cust169@mail.com,9000000169
170,Cust170,User170,cust170@mail.com,9000000170
171,Cust171,User171,cust171@mail.com,9000000171
172,Cust172,User172,cust172@mail.com,9000000172
173,Cust173,User173,cust173@mail.com,9000000173
174,Cust174,User174,cust174@mail.com,9000000174
175,Cust175,User175,cust175@mail.com,9000000175
176,Cust176,User176,cust176@mail.com,9000000176
177,Cust177,User177,cust177@mail.com,9000000177
178,Cust178,User178,cust178@mail.com,9000000178
179,Cust179,User179,cust179@mail.com,9000000179
180,Cust180,User180,cust180@mail.com,9000000180
181,Cust181,User181,cust181@mail.com,9000000181
182,Cust182,User182,cust182@mail.com,9000000182
183,Cust183,User183,cust183@mail.com,9000000183
184,Cust184,User184,cust184@mail.com,9000000184
185,Cust185,User185,cust185@mail.com,9000000185
186,Cust186,User186,cust186@mail.com,9000000186
187,Cust187,User187,cust187@mail.com,9000000187
188,Cust188,User188,cust188@mail.com,9000000188
189,Cust189,User189,cust189@mail.com,9000000189
190,Cust190,User190,cust190@mail.com,9000000190
191,Cust191,User191,cust191@mail.com,9000000191
192,Cust192,User192,cust192@mail.com,9000000192
193,Cust193,User193,cust193@mail.com,9000000193
194,Cust194,User194,cust194@mail.com,9000000194
195,Cust195,User195,cust195@mail.com,9000000195
196,Cust196,User196,cust196@mail.com,9000000196
197,Cust197,User197,cust197@mail.com,9000000197
198,Cust198,User198,cust198@mail.com,9000000198
199,Cust199,User199,cust199@mail.com,9000000199
200,Cust200,User200,cust200@mail.com,9000000200
201,Cust201,User201,cust201@mail.com,9000000201
202,Cust202,User202,cust202@mail.com,9000000202
203,Cust203,User203,cust203@mail.com,9000000203
204,Cust204,User204,cust204@mail.com,9000000204
205,Cust205,User205,cust205@mail.com,9000000205
206,Cust206,User206,cust206@mail.com,9000000206
207,Cust207,User207,cust207@mail.com,9000000207
208,Cust208,User208,cust208@mail.com,9000000208
209,Cust209,User209,cust209@mail.com,9000000209
210,Cust210,User210,cust210@mail.com,9000000210
211,Cust211,User211,cust211@mail.com,9000000211
212,Cust212,User212,cust212@mail.com,9000000212
213,Cust213,User213,cust213@mail.com,9000000213
214,Cust214,User214,cust214@mail.com,9000000214
215,Cust215,User215,cust215@mail.com,9000000215
216,Cust216,User216,cust216@mail.com,9000000216
217,Cust217,User217,cust217@mail.com,9000000217
218,Cust218,User218,cust218@mail.com,9000000218
219,Cust219,User219,cust219@mail.com,9000000219
220,Cust220,User220,cust220@mail.com,9000000220
221,Cust221,User221,cust221@mail.com,9000000221
222,Cust222,User222,cust222@mail.com,9000000222
223,Cust223,User223,cust223@mail.com,9000000223
224,Cust224,User224,cust224@mail.com,9000000224
225,Cust225,User225,cust225@mail.com,9000000225
226,Cust226,User226,cust226@mail.com,9000000226
227,Cust227,User227,cust227@mail.com,9000000227
228,Cust228,User228,cust228@mail.com,9000000228
229,Cust229,User229,cust229@mail.com,9000000229
230,Cust230,User230,cust230@mail.com,9000000230
231,Cust231,User231,cust231@mail.com,9000000231
232,Cust232,User232,cust232@mail.com,9000000232
233,Cust233,User233,cust233@mail.com,9000000233
234,Cust234,User234,cust234@mail.com,9000000234
235,Cust235,User235,cust235@mail.com,9000000235
236,Cust236,User236,cust236@mail.com,9000000236
237,Cust237,User237,cust237@mail.com,9000000237
238,Cust238,User238,cust238@mail.com,9000000238
239,Cust239,User239,cust239@mail.com,9000000239
240,Cust240,User240,cust240@mail.com,9000000240
241,Cust241,User241,cust241@mail.com,9000000241
242,Cust242,User242,cust242@mail.com,9000000242
243,Cust243,User243,cust243@mail.com,9000000243
244,Cust244,User244,cust244@mail.com,9000000244
245,Cust245,User245,cust245@mail.com,9000000245
246,Cust246,User246,cust246@mail.com,9000000246
247,Cust247,User247,cust247@mail.com,9000000247
248,Cust248,User248,cust248@mail.com,9000000248
249,Cust249,User249,cust249@mail.com,9000000249
250,Cust250,User250,cust250@mail.com,9000000250
251,Cust251,User251,cust251@mail.com,9000000251
252,Cust252,User252,cust252@mail.com,9000000252
253,Cust253,User253,cust253@mail.com,9000000253
254,Cust254,User254,cust254@mail.com,9000000254
255,Cust255,User255,cust255@mail.com,9000000255
256,Cust256,User256,cust256@mail.com,9000000256
257,Cust257,User257,cust257@mail.com,9000000257
258,Cust258,User258,cust258@mail.com,9000000258
259,Cust259,User259,cust259@mail.com,9000000259
260,Cust260,User260,cust260@mail.com,9000000260
261,Cust261,User261,cust261@mail.com,9000000261
262,Cust262,User262,cust262@mail.com,9000000262
263,Cust263,User263,cust263@mail.com,9000000263
264,Cust264,User264,cust264@mail.com,9000000264
265,Cust265,User265,cust265@mail.com,9000000265
266,Cust266,User266,cust266@mail.com,9000000266
267,Cust267,User267,cust267@mail.com,9000000267
268,Cust268,User268,cust268@mail.com,9000000268
269,Cust269,User269,cust269@mail.com,9000000269
270,Cust270,User270,cust270@mail.com,9000000270
271,Cust271,User271,cust271@mail.com,9000000271
272,Cust272,User272,cust272@mail.com,9000000272
273,Cust273,User273,cust273@mail.com,9000000273
274,Cust274,User274,cust274@mail.com,9000000274
275,Cust275,User275,cust275@mail.com,9000000275
276,Cust276,User276,cust276@mail.com,9000000276
277,Cust277,User277,cust277@mail.com,9000000277
278,Cust278,User278,cust278@mail.com,9000000278
279,Cust279,User279,cust279@mail.com,9000000279
280,Cust280,User280,cust280@mail.com,9000000280
281,Cust281,User281,cust281@mail.com,9000000281
282,Cust282,User282,cust282@mail.com,9000000282
283,Cust283,User283,cust283@mail.com,9000000283
284,Cust284,User284,cust284@mail.com,9000000284
285,Cust285,User285,cust285@mail.com,9000000285
286,Cust286,User286,cust286@mail.com,9000000286
287,Cust287,User287,cust287@mail.com,9000000287
288,Cust288,User288,cust288@mail.com,9000000288
289,Cust289,User289,cust289@mail.com,9000000289
290,Cust290,User290,cust290@mail.com,9000000290
291,Cust291,User291,cust291@mail.com,9000000291
292,Cust292,User292,cust292@mail.com,9000000292
293,Cust293,User293,cust293@mail.com,9000000293
294,Cust294,User294,cust294@mail.com,9000000294
295,Cust295,User295,cust295@mail.com,9000000295
296,Cust296,User296,cust296@mail.com,9000000296
297,Cust297,User297,cust297@mail.com,9000000297
298,Cust298,User298,cust298@mail.com,9000000298
299,Cust299,User299,cust299@mail.com,9000000299
300,Cust300,User300,cust300@mail.com,9000000300
301,Cust301,User301,cust301@mail.com,9000000301
302,Cust302,User302,cust302@mail.com,9000000302
303,Cust303,User303,cust303@mail.com,9000000303
304,Cust304,User304,cust304@mail.com,9000000304
305,Cust305,User305,cust305@mail.com,9000000305
306,Cust306,User306,cust306@mail.com,9000000306
307,Cust307,User307,cust307@mail.com,9000000307
308,Cust308,User308,cust308@mail.com,9000000308
309,Cust309,User309,cust309@mail.com,9000000309
310,Cust310,User310,cust310@mail.com,9000000310
311,Cust311,User311,cust311@mail.com,9000000311
312,Cust312,User312,cust312@mail.com,9000000312
313,Cust313,User313,cust313@mail.com,9000000313
314,Cust314,User314,cust314@mail.com,9000000314
315,Cust315,User315,cust315@mail.com,9000000315
316,Cust316,User316,cust316@mail.com,9000000316
317,Cust317,User317,cust317@mail.com,9000000317
318,Cust318,User318,cust318@mail.com,9000000318
319,Cust319,User319,cust319@mail.com,9000000319
320,Cust320,User320,cust320@mail.com,9000000320
321,Cust321,User321,cust321@mail.com,9000000321
322,Cust322,User322,cust322@mail.com,9000000322
323,Cust323,User323,cust323@mail.com,9000000323
324,Cust324,User324,cust324@mail.com,9000000324
325,Cust325,User325,cust325@mail.com,9000000325
326,Cust326,User326,cust326@mail.com,9000000326
327,Cust327,User327,cust327@mail.com,9000000327
328,Cust328,User328,cust328@mail.com,9000000328
329,Cust329,User329,cust329@mail.com,9000000329
330,Cust330,User330,cust330@mail.com,9000000330
331,Cust331,User331,cust331@mail.com,9000000331
332,Cust332,User332,cust332@mail.com,9000000332
333,Cust333,User333,cust333@mail.com,9000000333
334,Cust334,User334,cust334@mail.com,9000000334
335,Cust335,User335,cust335@mail.com,9000000335
336,Cust336,User336,cust336@mail.com,9000000336
337,Cust337,User337,cust337@mail.com,9000000337
338,Cust338,User338,cust338@mail.com,9000000338
339,Cust339,User339,cust339@mail.com,9000000339
340,Cust340,User340,cust340@mail.com,9000000340
341,Cust341,User341,cust341@mail.com,9000000341
342,Cust342,User342,cust342@mail.com,9000000342
343,Cust343,User343,cust343@mail.com,9000000343
344,Cust344,User344,cust344@mail.com,9000000344
345,Cust345,User345,cust345@mail.com,9000000345
346,Cust346,User346,cust346@mail.com,9000000346
347,Cust347,User347,cust347@mail.com,9000000347
348,Cust348,User348,cust348@mail.com,9000000348
349,Cust349,User349,cust349@mail.com,9000000349
350,Cust350,User350,cust350@mail.com,9000000350
351,Cust351,User351,cust351@mail.com,9000000351
352,Cust352,User352,cust352@mail.com,9000000352
353,Cust353,User353,cust353@mail.com,9000000353
354,Cust354,User354,cust354@mail.com,9000000354
355,Cust355,User355,cust355@mail.com,9000000355
356,Cust356,User356,cust356@mail.com,9000000356
357,Cust357,User357,cust357@mail.com,9000000357
358,Cust358,User358,cust358@mail.com,9000000358
359,Cust359,User359,cust359@mail.com,9000000359
360,Cust360,User360,cust360@mail.com,9000000360
361,Cust361,User361,cust361@mail.com,9000000361
362,Cust362,User362,cust362@mail.com,9000000362
363,Cust363,User363,cust363@mail.com,9000000363
364,Cust364,User364,cust364@mail.com,9000000364
365,Cust365,User365,cust365@mail.com,9000000365
366,Cust366,User366,cust366@mail.com,9000000366
367,Cust367,User367,cust367@mail.com,9000000367
368,Cust368,User368,cust368@mail.com,9000000368
369,Cust369,User369,cust369@mail.com,9000000369
370,Cust370,User370,cust370@mail.com,9000000370
371,Cust371,User371,cust371@mail.com,9000000371
372,Cust372,User372,cust372@mail.com,9000000372
373,Cust373,User373,cust373@mail.com,9000000373
374,Cust374,User374,cust374@mail.com,9000000374
375,Cust375,User375,cust375@mail.com,9000000375
376,Cust376,User376,cust376@mail.com,9000000376
377,Cust377,User377,cust377@mail.com,9000000377
378,Cust378,User378,cust378@mail.com,9000000378
379,Cust379,User379,cust379@mail.com,9000000379
380,Cust380,User380,cust380@mail.com,9000000380
381,Cust381,User381,cust381@mail.com,9000000381
382,Cust382,User382,cust382@mail.com,9000000382
383,Cust383,User383,cust383@mail.com,9000000383
384,Cust384,User384,cust384@mail.com,9000000384
385,Cust385,User385,cust385@mail.com,9000000385
386,Cust386,User386,cust386@mail.com,9000000386
387,Cust387,User387,cust387@mail.com,9000000387
388,Cust388,User388,cust388@mail.com,9000000388
389,Cust389,User389,cust389@mail.com,9000000389
390,Cust390,User390,cust390@mail.com,9000000390
391,Cust391,User391,cust391@mail.com,9000000391
392,Cust392,User392,cust392@mail.com,9000000392
393,Cust393,User393,cust393@mail.com,9000000393
394,Cust394,User394,cust394@mail.com,9000000394
395,Cust395,User395,cust395@mail.com,9000000395
396,Cust396,User396,cust396@mail.com,9000000396
397,Cust397,User397,cust397@mail.com,9000000397
398,Cust398,User398,cust398@mail.com,9000000398
399,Cust399,User399,cust399@mail.com,9000000399
400,Cust400,User400,cust400@mail.com,9000000400
401,Cust401,User401,cust401@mail.com,9000000401
402,Cust402,User402,cust402@mail.com,9000000402
403,Cust403,User403,cust403@mail.com,9000000403
404,Cust404,User404,cust404@mail.com,9000000404
405,Cust405,User405,cust405@mail.com,9000000405
406,Cust406,User406,cust406@mail.com,9000000406
407,Cust407,User407,cust407@mail.com,9000000407
408,Cust408,User408,cust408@mail.com,9000000408
409,Cust409,User409,cust409@mail.com,9000000409
410,Cust410,User410,cust410@mail.com,9000000410
411,Cust411,User411,cust411@mail.com,9000000411
412,Cust412,User412,cust412@mail.com,9000000412
413,Cust413,User413,cust413@mail.com,9000000413
414,Cust414,User414,cust414@mail.com,9000000414
415,Cust415,User415,cust415@mail.com,9000000415
416,Cust416,User416,cust416@mail.com,9000000416
417,Cust417,User417,cust417@mail.com,9000000417
418,Cust418,User418,cust418@mail.com,9000000418
419,Cust419,User419,cust419@mail.com,9000000419
420,Cust420,User420,cust420@mail.com,9000000420
421,Cust421,User421,cust421@mail.com,9000000421
422,Cust422,User422,cust422@mail.com,9000000422
423,Cust423,User423,cust423@mail.com,9000000423
424,Cust424,User424,cust424@mail.com,9000000424
425,Cust425,User425,cust425@mail.com,9000000425
426,Cust426,User426,cust426@mail.com,9000000426
427,Cust427,User427,cust427@mail.com,9000000427
428,Cust428,User428,cust428@mail.com,9000000428
429,Cust429,User429,cust429@mail.com,9000000429
430,Cust430,User430,cust430@mail.com,9000000430
431,Cust431,User431,cust431@mail.com,9000000431
432,Cust432,User432,cust432@mail.com,9000000432
433,Cust433,User433,cust433@mail.com,9000000433
434,Cust434,User434,cust434@mail.com,9000000434
435,Cust435,User435,cust435@mail.com,9000000435
436,Cust436,User436,cust436@mail.com,9000000436
437,Cust437,User437,cust437@mail.com,9000000437
438,Cust438,User438,cust438@mail.com,9000000438
439,Cust439,User439,cust439@mail.com,9000000439
440,Cust440,User440,cust440@mail.com,9000000440
441,Cust441,User441,cust441@mail.com,9000000441
442,Cust442,User442,cust442@mail.com,9000000442
443,Cust443,User443,cust443@mail.com,9000000443
444,Cust444,User444,cust444@mail.com,9000000444
445,Cust445,User445,cust445@mail.com,9000000445
446,Cust446,User446,cust446@mail.com,9000000446
447,Cust447,User447,cust447@mail.com,9000000447
448,Cust448,User448,cust448@mail.com,9000000448
449,Cust449,User449,cust449@mail.com,9000000449
450,Cust450,User450,cust450@mail.com,9000000450
451,Cust451,User451,cust451@mail.com,9000000451
452,Cust452,User452,cust452@mail.com,9000000452
453,Cust453,User453,cust453@mail.com,9000000453
454,Cust454,User454,cust454@mail.com,9000000454
455,Cust455,User455,cust455@mail.com,9000000455
456,Cust456,User456,cust456@mail.com,9000000456
457,Cust457,User457,cust457@mail.com,9000000457
458,Cust458,User458,cust458@mail.com,9000000458
459,Cust459,User459,cust459@mail.com,9000000459
460,Cust460,User460,cust460@mail.com,9000000460
461,Cust461,User461,cust461@mail.com,9000000461
462,Cust462,User462,cust462@mail.com,9000000462
463,Cust463,User463,cust463@mail.com,9000000463
464,Cust464,User464,cust464@mail.com,9000000464
465,Cust465,User465,cust465@mail.com,9000000465
466,Cust466,User466,cust466@mail.com,9000000466
467,Cust467,User467,cust467@mail.com,9000000467
468,Cust468,User468,cust468@mail.com,9000000468
469,Cust469,User469,cust469@mail.com,9000000469
470,Cust470,User470,cust470@mail.com,9000000470
471,Cust471,User471,cust471@mail.com,9000000471
472,Cust472,User472,cust472@mail.com,9000000472
473,Cust473,User473,cust473@mail.com,9000000473
474,Cust474,User474,cust474@mail.com,9000000474
475,Cust475,User475,cust475@mail.com,9000000475
476,Cust476,User476,cust476@mail.com,9000000476
477,Cust477,User477,cust477@mail.com,9000000477
478,Cust478,User478,cust478@mail.com,9000000478
479,Cust479,User479,cust479@mail.com,9000000479
480,Cust480,User480,cust480@mail.com,9000000480
481,Cust481,User481,cust481@mail.com,9000000481
482,Cust482,User482,cust482@mail.com,9000000482
483,Cust483,User483,cust483@mail.com,9000000483
484,Cust484,User484,cust484@mail.com,9000000484
485,Cust485,User485,cust485@mail.com,9000000485
486,Cust486,User486,cust486@mail.com,9000000486
487,Cust487,User487,cust487@mail.com,9000000487
488,Cust488,User488,cust488@mail.com,9000000488
489,Cust489,User489,cust489@mail.com,9000000489
490,Cust490,User490,cust490@mail.com,9000000490
491,Cust491,User491,cust491@mail.com,9000000491
492,Cust492,User492,cust492@mail.com,9000000492
493,Cust493,User493,cust493@mail.com,9000000493
494,Cust494,User494,cust494@mail.com,9000000494
495,Cust495,User495,cust495@mail.com,9000000495
496,Cust496,User496,cust496@mail.com,9000000496
497,Cust497,User497,cust497@mail.com,9000000497
498,Cust498,User498,cust498@mail.com,9000000498
499,Cust499,User499,cust499@mail.com,9000000499
500,Cust500,User500,cust500@mail.com,9000000500
